{"test_loss": 0.29438403248786926, "test_accuracy": 0.91839998960495}